--------------------------------------------------------
--  파일이 생성됨 - 금요일-5월-18-2018   
--------------------------------------------------------
--------------------------------------------------------
--  DDL for Table ECOMMERCE_CART
--------------------------------------------------------

  CREATE TABLE "ECOMMERCE_CART" 
   (	"CART_ID" NUMBER, 
	"CART_USER_ID" VARCHAR2(20), 
	"CART_PRODUCT_ID" NUMBER, 
	"CART_STATUS" NUMBER DEFAULT 0, 
	"CART_PRODUCT_QUANTITY" NUMBER, 
	"CART_PRODUCT_SIZE" VARCHAR2(20)
   )
--------------------------------------------------------
--  DDL for Table ECOMMERCE_PAYMENT
--------------------------------------------------------

  CREATE TABLE "ECOMMERCE_PAYMENT" 
   (	"PAYMENT_ID" NUMBER, 
	"PAYMENT_ORDERNUM" VARCHAR2(20), 
	"PAYMENT_ORDERDATE" DATE DEFAULT sysdate, 
	"PAYMENT_CART_ID" NUMBER
   )
--------------------------------------------------------
--  DDL for Table ECOMMERCE_PRODUCT
--------------------------------------------------------

  CREATE TABLE "ECOMMERCE_PRODUCT" 
   (	"PRODUCT_ID" NUMBER(6,0), 
	"PRODUCT_ITEMTYPE" NUMBER(3,0), 
	"PRODUCT_SORTTYPE" NUMBER(3,0), 
	"PRODUCT_NAME" VARCHAR2(20), 
	"PRODUCT_IMAGE" VARCHAR2(200), 
	"PRODUCT_PRICE" NUMBER(8,0)
   )
--------------------------------------------------------
--  DDL for Table ECOMMERCE_PRODUCTSIZE
--------------------------------------------------------

  CREATE TABLE "ECOMMERCE_PRODUCTSIZE" 
   (	"PRODUCT_SIZE" VARCHAR2(30), 
	"PRODUCT_ID" NUMBER(6,0), 
	"PRODUCT_QUANTITY" NUMBER(4,0)
   )
--------------------------------------------------------
--  DDL for Table ECOMMERCE_USER
--------------------------------------------------------

  CREATE TABLE "ECOMMERCE_USER" 
   (	"USER_ID" VARCHAR2(20), 
	"USER_PW" VARCHAR2(20), 
	"USER_NAME" VARCHAR2(15), 
	"USER_TYPE" NUMBER DEFAULT 0, 
	"USER_BIRTHDATE" DATE, 
	"USER_GENDER" VARCHAR2(20), 
	"USER_ADDRESS" VARCHAR2(150), 
	"USER_PHONENUMBER" VARCHAR2(22)
   )
REM INSERTING into ECOMMERCE_CART
SET DEFINE OFF;
Insert into ECOMMERCE_CART (CART_ID,CART_USER_ID,CART_PRODUCT_ID,CART_STATUS,CART_PRODUCT_QUANTITY,CART_PRODUCT_SIZE) values (4,'test1',4,1,3,'280');
Insert into ECOMMERCE_CART (CART_ID,CART_USER_ID,CART_PRODUCT_ID,CART_STATUS,CART_PRODUCT_QUANTITY,CART_PRODUCT_SIZE) values (2,'test1',2,1,1,'280');
REM INSERTING into ECOMMERCE_PAYMENT
SET DEFINE OFF;
Insert into ECOMMERCE_PAYMENT (PAYMENT_ID,PAYMENT_ORDERNUM,PAYMENT_ORDERDATE,PAYMENT_CART_ID) values (1,'180518033200001',to_date('18/05/18','RR/MM/DD'),4);
Insert into ECOMMERCE_PAYMENT (PAYMENT_ID,PAYMENT_ORDERNUM,PAYMENT_ORDERDATE,PAYMENT_CART_ID) values (2,'180518033200001',to_date('18/05/18','RR/MM/DD'),2);
REM INSERTING into ECOMMERCE_PRODUCT
SET DEFINE OFF;
Insert into ECOMMERCE_PRODUCT (PRODUCT_ID,PRODUCT_ITEMTYPE,PRODUCT_SORTTYPE,PRODUCT_NAME,PRODUCT_IMAGE,PRODUCT_PRICE) values (1,1,0,'상의1','상의1이미지주소',30000);
Insert into ECOMMERCE_PRODUCT (PRODUCT_ID,PRODUCT_ITEMTYPE,PRODUCT_SORTTYPE,PRODUCT_NAME,PRODUCT_IMAGE,PRODUCT_PRICE) values (2,1,0,'상의2','상의2이미지주소',25000);
Insert into ECOMMERCE_PRODUCT (PRODUCT_ID,PRODUCT_ITEMTYPE,PRODUCT_SORTTYPE,PRODUCT_NAME,PRODUCT_IMAGE,PRODUCT_PRICE) values (3,2,0,'하의1','하의1이미지주소',20000);
Insert into ECOMMERCE_PRODUCT (PRODUCT_ID,PRODUCT_ITEMTYPE,PRODUCT_SORTTYPE,PRODUCT_NAME,PRODUCT_IMAGE,PRODUCT_PRICE) values (4,3,0,'신발1','신발1이미지주소',18000);
Insert into ECOMMERCE_PRODUCT (PRODUCT_ID,PRODUCT_ITEMTYPE,PRODUCT_SORTTYPE,PRODUCT_NAME,PRODUCT_IMAGE,PRODUCT_PRICE) values (5,1,0,'상의3','상의3이미지주소',10000);
Insert into ECOMMERCE_PRODUCT (PRODUCT_ID,PRODUCT_ITEMTYPE,PRODUCT_SORTTYPE,PRODUCT_NAME,PRODUCT_IMAGE,PRODUCT_PRICE) values (6,1,0,'상의4','상의4이미지주소',10000);
Insert into ECOMMERCE_PRODUCT (PRODUCT_ID,PRODUCT_ITEMTYPE,PRODUCT_SORTTYPE,PRODUCT_NAME,PRODUCT_IMAGE,PRODUCT_PRICE) values (7,1,0,'상의5','상의5이미지주소',10000);
Insert into ECOMMERCE_PRODUCT (PRODUCT_ID,PRODUCT_ITEMTYPE,PRODUCT_SORTTYPE,PRODUCT_NAME,PRODUCT_IMAGE,PRODUCT_PRICE) values (8,1,0,'상의6','상의6이미지주소',10000);
Insert into ECOMMERCE_PRODUCT (PRODUCT_ID,PRODUCT_ITEMTYPE,PRODUCT_SORTTYPE,PRODUCT_NAME,PRODUCT_IMAGE,PRODUCT_PRICE) values (9,1,0,'상의7','상의7이미지주소',10000);
Insert into ECOMMERCE_PRODUCT (PRODUCT_ID,PRODUCT_ITEMTYPE,PRODUCT_SORTTYPE,PRODUCT_NAME,PRODUCT_IMAGE,PRODUCT_PRICE) values (10,1,0,'상의8','상의8이미지주소',10000);
Insert into ECOMMERCE_PRODUCT (PRODUCT_ID,PRODUCT_ITEMTYPE,PRODUCT_SORTTYPE,PRODUCT_NAME,PRODUCT_IMAGE,PRODUCT_PRICE) values (11,1,0,'상의9','상의9이미지주소',10000);
Insert into ECOMMERCE_PRODUCT (PRODUCT_ID,PRODUCT_ITEMTYPE,PRODUCT_SORTTYPE,PRODUCT_NAME,PRODUCT_IMAGE,PRODUCT_PRICE) values (12,1,0,'상의10','상의10이미지주소',10000);
REM INSERTING into ECOMMERCE_PRODUCTSIZE
SET DEFINE OFF;
Insert into ECOMMERCE_PRODUCTSIZE (PRODUCT_SIZE,PRODUCT_ID,PRODUCT_QUANTITY) values ('275',4,128);
Insert into ECOMMERCE_PRODUCTSIZE (PRODUCT_SIZE,PRODUCT_ID,PRODUCT_QUANTITY) values ('280',4,68);
Insert into ECOMMERCE_PRODUCTSIZE (PRODUCT_SIZE,PRODUCT_ID,PRODUCT_QUANTITY) values ('L(상의95)',1,100);
Insert into ECOMMERCE_PRODUCTSIZE (PRODUCT_SIZE,PRODUCT_ID,PRODUCT_QUANTITY) values ('XL(상의100)',1,50);
Insert into ECOMMERCE_PRODUCTSIZE (PRODUCT_SIZE,PRODUCT_ID,PRODUCT_QUANTITY) values ('XXL(상의105)',1,0);
Insert into ECOMMERCE_PRODUCTSIZE (PRODUCT_SIZE,PRODUCT_ID,PRODUCT_QUANTITY) values ('L(하의32)',3,30);
Insert into ECOMMERCE_PRODUCTSIZE (PRODUCT_SIZE,PRODUCT_ID,PRODUCT_QUANTITY) values ('XL(하의34)',3,25);
Insert into ECOMMERCE_PRODUCTSIZE (PRODUCT_SIZE,PRODUCT_ID,PRODUCT_QUANTITY) values ('XXL(하의36)',3,25);
Insert into ECOMMERCE_PRODUCTSIZE (PRODUCT_SIZE,PRODUCT_ID,PRODUCT_QUANTITY) values ('L(상의95)',2,24);
Insert into ECOMMERCE_PRODUCTSIZE (PRODUCT_SIZE,PRODUCT_ID,PRODUCT_QUANTITY) values ('XL(상의100)',2,105);
Insert into ECOMMERCE_PRODUCTSIZE (PRODUCT_SIZE,PRODUCT_ID,PRODUCT_QUANTITY) values ('XXL(상의105)',2,16);
Insert into ECOMMERCE_PRODUCTSIZE (PRODUCT_SIZE,PRODUCT_ID,PRODUCT_QUANTITY) values ('270',4,40);
Insert into ECOMMERCE_PRODUCTSIZE (PRODUCT_SIZE,PRODUCT_ID,PRODUCT_QUANTITY) values ('L(상의95)',5,110);
Insert into ECOMMERCE_PRODUCTSIZE (PRODUCT_SIZE,PRODUCT_ID,PRODUCT_QUANTITY) values ('XL(상의100)',5,10);
Insert into ECOMMERCE_PRODUCTSIZE (PRODUCT_SIZE,PRODUCT_ID,PRODUCT_QUANTITY) values ('XXL(상의105)',5,10);
Insert into ECOMMERCE_PRODUCTSIZE (PRODUCT_SIZE,PRODUCT_ID,PRODUCT_QUANTITY) values ('L(상의95)',6,50);
Insert into ECOMMERCE_PRODUCTSIZE (PRODUCT_SIZE,PRODUCT_ID,PRODUCT_QUANTITY) values ('XL(상의100)',6,50);
Insert into ECOMMERCE_PRODUCTSIZE (PRODUCT_SIZE,PRODUCT_ID,PRODUCT_QUANTITY) values ('XXL(상의105)',6,50);
Insert into ECOMMERCE_PRODUCTSIZE (PRODUCT_SIZE,PRODUCT_ID,PRODUCT_QUANTITY) values ('L(상의95)',7,50);
Insert into ECOMMERCE_PRODUCTSIZE (PRODUCT_SIZE,PRODUCT_ID,PRODUCT_QUANTITY) values ('XL(상의100)',7,50);
Insert into ECOMMERCE_PRODUCTSIZE (PRODUCT_SIZE,PRODUCT_ID,PRODUCT_QUANTITY) values ('XXL(상의105)',7,50);
Insert into ECOMMERCE_PRODUCTSIZE (PRODUCT_SIZE,PRODUCT_ID,PRODUCT_QUANTITY) values ('L(상의95)',8,50);
Insert into ECOMMERCE_PRODUCTSIZE (PRODUCT_SIZE,PRODUCT_ID,PRODUCT_QUANTITY) values ('XL(상의100)',8,50);
Insert into ECOMMERCE_PRODUCTSIZE (PRODUCT_SIZE,PRODUCT_ID,PRODUCT_QUANTITY) values ('XXL(상의105)',8,50);
Insert into ECOMMERCE_PRODUCTSIZE (PRODUCT_SIZE,PRODUCT_ID,PRODUCT_QUANTITY) values ('L(상의95)',9,50);
Insert into ECOMMERCE_PRODUCTSIZE (PRODUCT_SIZE,PRODUCT_ID,PRODUCT_QUANTITY) values ('XL(상의100)',9,50);
Insert into ECOMMERCE_PRODUCTSIZE (PRODUCT_SIZE,PRODUCT_ID,PRODUCT_QUANTITY) values ('XXL(상의105)',9,50);
Insert into ECOMMERCE_PRODUCTSIZE (PRODUCT_SIZE,PRODUCT_ID,PRODUCT_QUANTITY) values ('L(상의95)',10,50);
Insert into ECOMMERCE_PRODUCTSIZE (PRODUCT_SIZE,PRODUCT_ID,PRODUCT_QUANTITY) values ('XL(상의100)',10,50);
Insert into ECOMMERCE_PRODUCTSIZE (PRODUCT_SIZE,PRODUCT_ID,PRODUCT_QUANTITY) values ('XXL(상의105)',10,50);
Insert into ECOMMERCE_PRODUCTSIZE (PRODUCT_SIZE,PRODUCT_ID,PRODUCT_QUANTITY) values ('L(상의95)',11,50);
Insert into ECOMMERCE_PRODUCTSIZE (PRODUCT_SIZE,PRODUCT_ID,PRODUCT_QUANTITY) values ('XL(상의100)',11,50);
Insert into ECOMMERCE_PRODUCTSIZE (PRODUCT_SIZE,PRODUCT_ID,PRODUCT_QUANTITY) values ('XXL(상의105)',11,50);
Insert into ECOMMERCE_PRODUCTSIZE (PRODUCT_SIZE,PRODUCT_ID,PRODUCT_QUANTITY) values ('L(상의95)',12,50);
Insert into ECOMMERCE_PRODUCTSIZE (PRODUCT_SIZE,PRODUCT_ID,PRODUCT_QUANTITY) values ('XL(상의100)',12,50);
Insert into ECOMMERCE_PRODUCTSIZE (PRODUCT_SIZE,PRODUCT_ID,PRODUCT_QUANTITY) values ('XXL(상의105)',12,50);
REM INSERTING into ECOMMERCE_USER
SET DEFINE OFF;
Insert into ECOMMERCE_USER (USER_ID,USER_PW,USER_NAME,USER_TYPE,USER_BIRTHDATE,USER_GENDER,USER_ADDRESS,USER_PHONENUMBER) values ('test','test','jongseok',0,to_date('84/05/21','RR/MM/DD'),'man','서울북부근방','0100000000');
Insert into ECOMMERCE_USER (USER_ID,USER_PW,USER_NAME,USER_TYPE,USER_BIRTHDATE,USER_GENDER,USER_ADDRESS,USER_PHONENUMBER) values ('test1','3333','errorhong',0,to_date('18/05/09','RR/MM/DD'),'man','1111','1111');
Insert into ECOMMERCE_USER (USER_ID,USER_PW,USER_NAME,USER_TYPE,USER_BIRTHDATE,USER_GENDER,USER_ADDRESS,USER_PHONENUMBER) values ('ryung','1111','이령빈',0,to_date('92/05/15','RR/MM/DD'),'man','인천어딘가','01032652285');
--------------------------------------------------------
--  DDL for Index ECOMMERCE_CART_PK
--------------------------------------------------------

  CREATE UNIQUE INDEX "ECOMMERCE_CART_PK" ON "ECOMMERCE_CART" ("CART_ID")
--------------------------------------------------------
--  DDL for Index ECOMMERCE_PAYMENT_PK
--------------------------------------------------------

  CREATE UNIQUE INDEX "ECOMMERCE_PAYMENT_PK" ON "ECOMMERCE_PAYMENT" ("PAYMENT_ID")
--------------------------------------------------------
--  DDL for Index ECOMMERCE_PRODUCT_PK
--------------------------------------------------------

  CREATE UNIQUE INDEX "ECOMMERCE_PRODUCT_PK" ON "ECOMMERCE_PRODUCT" ("PRODUCT_ID")
--------------------------------------------------------
--  DDL for Index ECOMMERCE_USER_PK
--------------------------------------------------------

  CREATE UNIQUE INDEX "ECOMMERCE_USER_PK" ON "ECOMMERCE_USER" ("USER_ID")
--------------------------------------------------------
--  Constraints for Table ECOMMERCE_CART
--------------------------------------------------------

  ALTER TABLE "ECOMMERCE_CART" ADD CONSTRAINT "ECOMMERCE_CART_PK" PRIMARY KEY ("CART_ID") ENABLE
 
  ALTER TABLE "ECOMMERCE_CART" MODIFY ("CART_ID" NOT NULL ENABLE)
--------------------------------------------------------
--  Constraints for Table ECOMMERCE_PAYMENT
--------------------------------------------------------

  ALTER TABLE "ECOMMERCE_PAYMENT" ADD CONSTRAINT "ECOMMERCE_PAYMENT_PK" PRIMARY KEY ("PAYMENT_ID") ENABLE
 
  ALTER TABLE "ECOMMERCE_PAYMENT" MODIFY ("PAYMENT_ID" NOT NULL ENABLE)
 
  ALTER TABLE "ECOMMERCE_PAYMENT" MODIFY ("PAYMENT_CART_ID" NOT NULL ENABLE)
--------------------------------------------------------
--  Constraints for Table ECOMMERCE_PRODUCT
--------------------------------------------------------

  ALTER TABLE "ECOMMERCE_PRODUCT" ADD CONSTRAINT "ECOMMERCE_PRODUCT_PK" PRIMARY KEY ("PRODUCT_ID") ENABLE
 
  ALTER TABLE "ECOMMERCE_PRODUCT" MODIFY ("PRODUCT_ID" NOT NULL ENABLE)
 
  ALTER TABLE "ECOMMERCE_PRODUCT" MODIFY ("PRODUCT_ITEMTYPE" NOT NULL ENABLE)
 
  ALTER TABLE "ECOMMERCE_PRODUCT" MODIFY ("PRODUCT_SORTTYPE" NOT NULL ENABLE)
 
  ALTER TABLE "ECOMMERCE_PRODUCT" MODIFY ("PRODUCT_NAME" NOT NULL ENABLE)
 
  ALTER TABLE "ECOMMERCE_PRODUCT" MODIFY ("PRODUCT_IMAGE" NOT NULL ENABLE)
 
  ALTER TABLE "ECOMMERCE_PRODUCT" MODIFY ("PRODUCT_PRICE" NOT NULL ENABLE)
--------------------------------------------------------
--  Constraints for Table ECOMMERCE_PRODUCTSIZE
--------------------------------------------------------

  ALTER TABLE "ECOMMERCE_PRODUCTSIZE" MODIFY ("PRODUCT_SIZE" NOT NULL ENABLE)
 
  ALTER TABLE "ECOMMERCE_PRODUCTSIZE" MODIFY ("PRODUCT_ID" NOT NULL ENABLE)
 
  ALTER TABLE "ECOMMERCE_PRODUCTSIZE" MODIFY ("PRODUCT_QUANTITY" NOT NULL ENABLE)
--------------------------------------------------------
--  Constraints for Table ECOMMERCE_USER
--------------------------------------------------------

  ALTER TABLE "ECOMMERCE_USER" ADD CONSTRAINT "ECOMMERCE_USER_PK" PRIMARY KEY ("USER_ID") ENABLE
 
  ALTER TABLE "ECOMMERCE_USER" MODIFY ("USER_ID" NOT NULL ENABLE)
 
  ALTER TABLE "ECOMMERCE_USER" MODIFY ("USER_PW" NOT NULL ENABLE)
 
  ALTER TABLE "ECOMMERCE_USER" MODIFY ("USER_NAME" NOT NULL ENABLE)
 
  ALTER TABLE "ECOMMERCE_USER" MODIFY ("USER_TYPE" NOT NULL ENABLE)
 
  ALTER TABLE "ECOMMERCE_USER" MODIFY ("USER_BIRTHDATE" NOT NULL ENABLE)
 
  ALTER TABLE "ECOMMERCE_USER" MODIFY ("USER_GENDER" NOT NULL ENABLE)
 
  ALTER TABLE "ECOMMERCE_USER" MODIFY ("USER_ADDRESS" NOT NULL ENABLE)
 
  ALTER TABLE "ECOMMERCE_USER" MODIFY ("USER_PHONENUMBER" NOT NULL ENABLE)
